name,price,review_num,review_rating,stock,upc
"Our Band Could Be Your Life: Scenes from the American Indie Underground, 1981-1991",￥488.39,0,3,19,deda3e61b9514b83
Libertarianism for Beginners,￥437.89,0,2,19,a18a4f574854aced
Mesaerion: The Best Science Fiction Stories 1800-1849,￥320.68,0,1,19,e30f54cea9b38190
Olio,￥203.72,0,1,19,feb7cc7701ecf901
Scott Pilgrim's Precious Little Life (Scott Pilgrim #1),￥446.08,0,5,19,3b1c02bac2a429e6
It's Only the Himalayas,￥385.34,0,2,19,a22124811bfa8350
Rip it Up and Start Again,￥298.75,0,5,19,a34ba96d4081e6a4
Set Me Free,￥148.95,0,5,19,ce6396b0f23f6ecc
You can't bury them all: Poems,￥286.89,0,2,17,55f9da0c5eea2e10
Sharp Objects,￥407.95,0,4,20,e00eb4fd7b871a48
Behind Closed Doors,￥445.48,0,4,18,be5cc846f45496fb
Soumission,￥427.40,0,1,20,6957f44c3847a760
"In a Dark, Dark Wood",￥167.46,0,1,18,19ed25f4641d5efd
Tipping the Velvet,￥458.45,0,1,20,90fa61229261140a
A Light in the Attic,￥441.64,0,3,22,a897fe39b1053632
Maude (1883-1993):She Grew Up with the country,￥153.73,0,2,18,094b269567e1c300
The Four Agreements: A Practical Guide to Personal Freedom,￥150.66,0,5,18,6258a1f6a6dcfe50
The Bear and the Piano,￥314.70,0,1,18,9f6568e9c95f60b0
The Five Love Languages: How to Express Heartfelt Commitment to Your Mate,￥264.88,0,3,18,3c039985229453bf
Penny Maybe,￥283.99,0,3,18,668fe56b17cfcd4f
The Elephant Tree,￥203.21,0,5,18,5dada2b7be26bd03
Aladdin and His Wonderful Lamp,￥453.25,0,3,19,904208d6aa64b655
Chase Me (Paris Nights #2),￥215.58,0,5,19,c2e46a2ee3b4a322
"Foolproof Preserving: A Guide to Small Batch Jams, Jellies, Pickles, Condiments, and More: A Foolproof Guide to Making Small Batch Jams, Jellies, Pickles, Condiments, and More",￥260.36,0,3,19,5674a18a29a43ced
How Music Works,￥318.37,0,2,19,327f68a59745c102
Birdsong: A Story in Pictures,￥466.13,0,3,19,9528d0948525bf5f
America's Cradle of Quarterbacks: Western Pennsylvania's Football Factory from Johnny Unitas to Joe Montana,￥191.95,0,3,19,c7d160c2c0de586f
In Her Wake,￥109.54,0,1,19,23356462d1320d61
Black Dust,￥294.57,0,5,19,00bfed9e18bb36f3
The Natural History of Us (The Fine Art of Pretending #2),￥385.77,0,3,16,cedf82b5086e4691
"The Pioneer Woman Cooks: Dinnertime: Comfort Classics, Freezer Food, 16-Minute Meals, and Other Delicious Ways to Solve Supper!",￥481.23,0,1,16,142d767a56a9254d
The Past Never Ends,￥482.00,0,4,16,5ee94540d0749ea0
The Torch Is Passed: A Harding Family Story,￥162.85,0,1,16,4eed62cf5f8d8edf
Throwing Rocks at the Google Bus: How Growth Became the Enemy of Prosperity,￥265.48,0,3,16,7858914fad68493c
Thirst,￥147.33,0,5,16,709822d0b5bcb7f4
This One Summer,￥166.27,0,4,16,51653ef291ab7ddc
The Secret of Dreadwillow Carse,￥478.84,0,1,16,b5ea0b5dabed25a8
Tsubasa: WoRLD CHRoNiCLE 2 (Tsubasa WoRLD CHRoNiCLE #2),￥138.88,0,1,16,09555be379ad9253
"Unbound: How Eight Technologies Made Us Human, Transformed Society, and Brought Our World to the Brink",￥217.71,0,1,16,9a9d6e9bc555731e
"Unseen City: The Majesty of Pigeons, the Discreet Charm of Snails & Other Wonders of the Urban Wilderness",￥376.90,0,4,16,d170b5a0da46380e
When We Collided,￥271.03,0,1,16,3ecb690d1542c568
#HigherSelfie: Wake Up Your Life. Free Your Soul. Find Your Tribe.,￥197.15,0,5,17,c27f6e1f185b0383
Without Borders (Wanderlove #1),￥384.49,0,2,16,acddfeab2a407640
Untitled Collection: Sabbath Poems 2014,￥121.74,0,4,16,657fe5ead67a7767
"We Love You, Charlie Freeman",￥428.85,0,5,16,8d455c7539795d2a
Unicorn Tracks,￥160.21,0,3,16,7ae099f3898e0209
"Rat Queens, Vol. 3: Demons (Rat Queens (Collected Editions) #11-15)",￥429.96,0,3,16,c82a3e358c773c73
Security,￥334.84,0,2,16,6f78a0d744c35456
The Age of Genius: The Seventeenth Century and the Birth of the Modern Mind,￥168.31,0,1,16,a3d2a4250807f1e9
"Saga, Volume 6 (Saga (Collected Editions) #6)",￥213.44,0,3,16,c849f0b2f5d6a742
Reskilling America: Learning to Labor in the Twenty-First Century,￥169.17,0,2,16,d7310206583a54b6
Spark Joy: An Illustrated Master Class on the Art of Organizing and Tidying Up,￥356.85,0,4,16,87b0615b6e1f4d7b
The Activist's Tao Te Ching: Ancient Advice for a Modern Revolution,￥275.04,0,5,16,7d6d2a6c0276f81b
"Saga, Volume 5 (Saga (Collected Editions) #5)",￥435.42,0,2,16,53a3d11bb568cc8b
Soul Reader,￥337.65,0,2,16,e6af5bf1163c1151
The Art Forger,￥347.72,0,3,16,80cfab6bcff3a244
The Electric Pencil: Drawings from Inside State Hospital No. 3,￥478.24,0,1,16,a30b270e25489e5c
"The Inefficiency Assassin: Time Management Tactics for Working Smarter, Not Longer",￥175.65,0,5,16,8c9e6bf2467d740d
The Death of Humanity: and the Case for Life,￥495.73,0,4,16,bd261725b99f5983
The Gutsy Girl: Escapades for Your Life of Epic Adventure,￥316.75,0,1,16,acd86a5426e21ca0
The Life-Changing Magic of Tidying Up: The Japanese Art of Decluttering and Organizing,￥143.06,0,3,16,0da9aa9d24677fc0
"The Bulletproof Diet: Lose up to a Pound a Day, Reclaim Energy and Focus, Upgrade Your Life",￥418.44,0,3,16,43c6a960757cf559
In the Country We Love: My Family Divided,￥187.68,0,4,16,b136b1b180ca753a
"Lumberjanes, Vol. 1: Beware the Kitten Holy (Lumberjanes #1-4)",￥389.09,0,3,16,b6ee99bcf06fc91f
Judo: Seven Steps to Black Belt (an Introductory Guide for Beginners),￥459.82,0,2,16,228f74b74f3a08ae
"Lumberjanes, Vol. 2: Friendship to the Max (Lumberjanes #5-8)",￥400.18,0,2,16,460089f796fb3f82
Lumberjanes Vol. 3: A Terrible Plan (Lumberjanes #9-12),￥169.94,0,2,16,57e5a4d515c8ce44
Join,￥304.30,0,5,16,18ad3ed896c7ce05
"Layered: Baking, Building, and Styling Spectacular Cakes",￥342.17,0,1,16,7b75cc7f223791f4
"Mama Tried: Traditional Italian Cooking for the Screwed, Crude, Vegan, and Tattooed",￥119.60,0,4,16,72f9d5be3472d34e
Masks and Shadows,￥481.14,0,2,16,fa9610a50a1bf149
My Paris Kitchen: Recipes and Stories,￥284.68,0,2,16,784bc2279baa878d
Obsidian (Lux #1),￥126.77,0,2,16,3c346ab1e76ae1f6
"Political Suicide: Missteps, Peccadilloes, Bad Calls, Backroom Hijinx, Sordid Pasts, Rotten Breaks, and Just Plain Dumb Mistakes in the Annals of American Politics",￥309.50,0,2,16,7392c0032f92d816
On a Midnight Clear,￥120.03,0,3,16,b757c0c361e689ce
Patience,￥86.67,0,3,16,9429b4d59c537af5
"Outcast, Vol. 1: A Darkness Surrounds Him (Outcast #1)",￥131.72,0,4,16,889139b8e9c4cb36
Online Marketing for Busy Authors: A Step-By-Step Guide,￥395.41,0,1,16,9ffa38d3b832433a
orange: The Complete Collection 1 (orange: The Complete Collection #1),￥412.98,0,1,16,11809b1d323b3057
"Avatar: The Last Airbender: Smoke and Shadow, Part 3 (Smoke and Shadow #3)",￥239.63,0,2,16,6d5300b2d8f37e07
Crown of Midnight (Throne of Glass #2),￥369.30,0,3,16,7267864328ae8b9d
"Bitch Planet, Vol. 1: Extraordinary Machine (Bitch Planet (Collected Editions))",￥323.49,0,2,16,bdf415fd484ea8a7
Bossypants,￥421.94,0,2,16,74baabfc8fd84b38
"Codename Baboushka, Volume 1: The Conclave of Death",￥313.25,0,4,16,8754c83ab2a7ae71
Camp Midnight,￥145.71,0,4,16,7b599c8bfcdd8d30
Danganronpa Volume 1,￥443.52,0,4,16,09b6cc87e62c2c58
Burning,￥245.78,0,3,16,5ceb951f629700a2
Call the Nurse: True Stories of a Country Nurse on a Scottish Isle,￥248.59,0,5,16,bee3672891cca906
"Don't Be a Jerk: And Other Practical Advice from Dogen, Japan's Greatest Zen Master",￥323.92,0,2,16,fce19f9b4a943f22
How to Be Miserable: 40 Strategies You Already Use,￥392.68,0,1,16,a6f99b9e687f9d46
Her Backup Boyfriend (The Sorensen Family #1),￥289.79,0,1,16,2a97cffe61c3c4c7
Fifty Shades Darker (Fifty Shades #2),￥187.34,0,1,16,7add3f8e49ec0826
Everydata: The Misinformation Hidden in the Little Data You Consume Every Day,￥463.65,0,2,16,311c0dd0e354a33e
"Giant Days, Vol. 2 (Giant Days #5-8)",￥188.62,0,2,16,f2df3bb043a8abb0
Forever and Forever: The Courtship of Henry Longfellow and Fanny Appleton,￥253.28,0,3,16,9beb96a2300109d7
First and First (Five Boroughs #3),￥136.24,0,4,16,9e28048cea8d41f7
The Stranger,￥148.78,0,4,15,f5a92cff83897d48
The White Cat and the Monk: A Retelling of the Poem “Pangur Bán”,￥495.47,0,4,15,37c0cb19713d8dda
The Vacationers,￥359.58,0,4,15,fd3a622648667296
Throne of Glass (Throne of Glass #1),￥299.18,0,3,15,590a9cccf7db9f7d
The Third Wave: An Entrepreneur’s Vision of the Future,￥107.57,0,5,15,3bebf34ee9330cbd
Thomas Jefferson and the Tripoli Pirates: The Forgotten War That Changed American History,￥508.78,0,1,15,de3f25248ba0789f
The Wedding Dress,￥205.77,0,1,15,623e1a180426039b
Tracing Numbers on a Train,￥354.89,0,3,15,d7d6d50c1e3d0b81
Thirteen Reasons Why,￥449.75,0,1,15,bc2a85fd35fdc7bd
Tuesday Nights in 1980,￥179.49,0,2,15,b8736690cf263a3c
A Murder in Time,￥141.95,0,1,16,f733e8c19d40ec2e
A Court of Thorns and Roses (A Court of Thorns and Roses #1),￥446.76,0,1,16,01d2001ac1e6f8a3
"William Shakespeare's Star Wars: Verily, A New Hope (William Shakespeare's Star Wars #4)",￥369.39,0,4,15,9270575728a13a61
A Flight of Arrows (The Pathfinders #2),￥473.72,0,5,16,3a6fb983e2554023
A Fierce and Subtle Poison,￥239.97,0,4,16,842790dfaa937484
(Un)Qualified: How God Uses Broken People to Do Big Things,￥460.67,0,5,16,e4ac92d89b946781
You Are What You Love: The Spiritual Power of Habit,￥186.57,0,4,15,796c87ddbbaaf8c5
The Cookies & Cups Cookbook: 125+ sweet & savory recipes reminding you to Always Eat Dessert First,￥351.90,0,1,15,96a38e7c813d8f1d
The Love and Lemons Cookbook: An Apple-to-Zucchini Celebration of Impromptu Cooking,￥320.76,0,2,15,e28e330cbdf01126
The Girl on the Train,￥469.37,0,2,15,e956d67c9bcc5809
The Genius of Birds,￥147.07,0,1,15,42d0d7c92b75fc1c
The House by the Lake,￥315.22,0,1,15,9287e238d7c3b06e
The Long Shadow of Small Ghosts: Murder and Memory in an American City,￥93.58,0,1,15,abeafe151a587d3b
The Kite Runner,￥356.76,0,4,15,eac1a180047ad54e
The Glittering Court (The Glittering Court #1),￥377.75,0,1,15,2dbb7ec08cdd7f3c
The Emerald Mystery,￥197.49,0,2,15,d6670dfe3e7b42bd
The Matchmaker's Playbook (Wingmen Inc. #1),￥476.45,0,1,15,08db62f24627e71f
The Power of Now: A Guide to Spiritual Enlightenment,￥371.44,0,2,15,8ec14b1576cb7cb5
The Mistake (Off-Campus #2),￥369.30,0,3,15,99ff4cc6491e8f5c
The Nerdy Nummies Cookbook: Sweet Treats for the Geek in All of Us,￥318.54,0,5,15,e4c7f3487d17fd42
The Omnivore's Dilemma: A Natural History of Four Meals,￥325.97,0,2,15,209adad1015af86f
The Project,￥90.85,0,1,15,790ef197c8f236f5
The Murder of Roger Ackroyd (Hercule Poirot #4),￥376.21,0,4,15,c7b5183f4d1d4efe
The Psychopath Test: A Journey Through the Madness Industry,￥307.11,0,2,15,e98a4efa85070c2f
Mrs. Houdini,￥258.06,0,5,15,a40723994f715420
Night Sky with Exit Wounds,￥350.19,0,1,15,cfeb1e1e0e695b58
"Nightingale, Sing",￥326.56,0,1,15,50b8f80311b31ede
Poems That Make Grown Women Cry,￥121.05,0,4,15,31001a1210623bd4
Poses for Artists Volume 1 - Dynamic and Sitting Poses: An Essential Reference for Figure Drawing and the Human Form,￥350.28,0,1,15,d9c643fa1fc57bdb
Secrets and Lace (Fatal Hearts #1),￥172.92,0,1,15,ad04ad9fc179fc5d
Romero and Juliet: A Tragic Tale of Love and Zombies,￥315.13,0,1,15,e656e280bc8edd56
Redeeming Love,￥174.63,0,5,15,b53db2271c9624f7
Scarlett Epstein Hates It Here,￥371.52,0,5,15,1c929cfd16b71907
"Shobu Samurai, Project Aryoku (#3)",￥247.91,0,3,15,0c27e6c3744fc14b
Shoe Dog: A Memoir by the Creator of NIKE,￥204.66,0,2,15,0e0dcc3339602b28
So You've Been Publicly Shamed,￥104.33,0,2,15,1b33663ad7b95fd8
The 10% Entrepreneur: Live Your Startup Dream Without Quitting Your Day Job,￥235.03,0,3,15,56e4f9eab2e8e674
The Argonauts,￥93.24,0,2,15,c99761a700ade23f
Something More Than This,￥138.54,0,4,15,ca71e72655bece85
Suddenly in Love (Lake Haven #1),￥477.65,0,2,15,203b7f94b7d6115f
Doing It Over (Most Likely To #1),￥303.79,0,3,15,3a11bb962ff45b78
"Deliciously Ella Every Day: Quick and Easy Recipes for Gluten-Free Snacks, Packed Lunches, and Simple Meals",￥359.66,0,3,15,46c1530d7546ea6d
Soft Apocalypse,￥222.83,0,2,15,2a70769cdc6eb8b8
Done Rubbed Out (Reightman & Bailey #1),￥321.79,0,5,15,f6d967cdadc6fbd9
"Fables, Vol. 1: Legends in Exile (Fables #1)",￥355.06,0,4,15,65d034adf80834b7
Frostbite (Vampire Academy #2),￥255.84,0,5,15,116a2fdc9a45bab0
Full Moon over Noah’s Ark: An Odyssey to Mount Ararat and Beyond,￥421.68,0,4,15,ce60436f52c5ee68
Drive: The Surprising Truth About What Motivates Us,￥298.15,0,4,15,6ffb36aaeff1c81e
Finders Keepers (Bill Hodges Trilogy #2),￥456.66,0,5,15,edb3097e71330040
Eureka Trivia 6.0,￥465.70,0,4,15,29c0025455f8c585
Follow You Home,￥182.22,0,1,15,8585760646e3aa2a
First Steps for New Christians (Print Edition),￥247.40,0,1,15,2f88b08bf0a0e367
Grumbles,￥189.04,0,2,15,d163dd6c352fbcd2
I Had a Nice Time And Other Lies...: How to find love & sh*t like that,￥489.33,0,4,15,fd8585283fc7d2d7
Hollow City (Miss Peregrine’s Peculiar Children #2),￥366.66,0,1,15,4ce91d31c1e57c33
Large Print Heart of the Pride,￥163.37,0,2,15,c1afd71fc86bf682
Library of Souls (Miss Peregrine’s Peculiar Children #3),￥414.26,0,5,15,ba54932df84e8cea
Louisa: The Extraordinary Life of Mrs. Adams,￥143.75,0,2,15,d69dd8dac66f9f84
Miss Peregrine’s Home for Peculiar Children (Miss Peregrine’s Peculiar Children #1),￥91.79,0,1,15,af96613fdd793a3c
Little Red,￥114.91,0,3,15,4aa03792b50f0b22
Why the Right Went Wrong: Conservatism--From Goldwater to the Tea Party and Beyond,￥449.15,0,4,14,2b5054a4192e9b06
Amid the Chaos,￥312.06,0,1,15,bb8245f52c7cce8f
Zealot: The Life and Times of Jesus of Nazareth,￥210.71,0,3,14,dd5bfa6cc2c0ecc3
Agnostic: A Spirited Manifesto,￥106.72,0,5,15,d195e7f4ed697350
Amy Meets the Saints and Sages,￥157.48,0,3,15,7ebfa6c1bee69e1e
Amatus,￥431.15,0,5,15,ffd54178acc9a6a5
You (You #1),￥372.03,0,5,14,024387ca4cafd5cc
Wild Swans,￥122.50,0,2,14,3fb15ace50d6142b
"Wonder Woman: Earth One, Volume One (Wonder Woman: Earth One #1)",￥318.54,0,4,14,047097293bb4d1c0
Anonymous,￥399.42,0,4,15,d24b829be2ca81c4
Chasing Heaven: What Dying Taught Me About Living,￥322.47,0,2,15,513271dadc1322ae
Big Magic: Creative Living Beyond Fear,￥262.75,0,3,15,1f329c2e7d7de8bd
Batman: The Dark Knight Returns (Batman),￥131.21,0,5,15,47271d8e08b5d31c
Ayumi's Violin,￥132.06,0,2,15,05f7c6d9a4e582d3
Becoming Wise: An Inquiry into the Mystery and Art of Living,￥234.00,0,2,15,919e7cb2269a25d2
Beauty Restored (Riley Family Legacy Novellas #3),￥94.78,0,2,15,3f69e667a67e54d9
Batman: The Long Halloween (Batman),￥311.38,0,2,15,7edc0527cf782e19
The Rosie Project (Don Tillman #1),￥461.01,0,1,14,012094e90a4b908d
The Star-Touched Queen,￥392.59,0,5,14,1528279aec1f3dce
The White Queen (The Cousins' War #1),￥221.04,0,5,14,6875c5657661b2fb
The Song of Achilles,￥319.06,0,5,14,e88fb1c9397cfb27
The Wright Brothers,￥484.56,0,4,14,08b2f71d93836313
The Songs of the Gods,￥379.45,0,5,14,00c4543ec6bd25b4
The Wedding Pact (The O'Malleys #2),￥278.19,0,3,14,c5cb9f885d8b3621
The Testament of Mary,￥449.32,0,4,14,081305e6df719dff
The Time Keeper,￥237.84,0,5,14,e9906e2f0d189745
The Year of Magical Thinking,￥367.17,0,2,14,34c0d7c4ee5650af
Twenty Yawns,￥188.36,0,2,14,1d6443ffba9dfd80
"Unbroken: A World War II Story of Survival, Resilience, and Redemption",￥391.99,0,2,14,76c84daa539426e2
Through the Woods,￥216.51,0,2,14,6e44bcbeac7f4360
Until Friday Night (The Field Party #1),￥395.07,0,2,14,aba2db9afb1469c7
Walt Disney's Alice in Wonderland,￥110.56,0,5,14,6a31307a81e8f3a8
This Is Where It Ends,￥231.36,0,2,14,f0f38174a7e689a3
V for Vendetta (V for Vendetta Complete),￥316.50,0,4,14,4a1debca3135ff37
Take Me with You,￥385.68,0,3,14,2c04320e110a14a3
The First Hostage (J.B. Collins #2),￥220.52,0,3,14,a86972014275e072
The Bane Chronicles (The Bane Chronicles #1-11),￥381.59,0,4,14,dc6f688b82e42a5b
The Bad-Ass Librarians of Timbuktu: And Their Race to Save the World’s Most Precious Manuscripts,￥134.53,0,1,14,923831a05c9f91f7
That Darkness (Gardiner and Renner #1),￥118.75,0,1,14,0c7b9cf2b7662b65
The Darkest Lie,￥301.57,0,5,14,6edacfd1f8ebb9eb
The Dovekeepers,￥416.14,0,1,14,3d76bc83c6b644c9
The 14th Colony (Cotton Malone #11),￥334.75,0,1,14,1b8187fa4bf6ab05
Tastes Like Fear (DI Marnie Rome #3),￥91.20,0,1,14,2d1e337aaf341858
The Guilty (Will Robie #4),￥117.90,0,2,14,847935fc68707426
The Long Haul (Diary of a Wimpy Kid #9),￥375.96,0,1,14,f21effc079a2b38a
"Naruto (3-in-1 Edition), Vol. 14: Includes Vols. 40, 41 & 42 (Naruto: Omnibus #14)",￥327.50,0,2,14,71e36f33981ddb74
The Literature Book (Big Ideas Simply Explained),￥148.69,0,3,14,4881cc53f6c8892f
The Last Mile (Amos Decker #2),￥462.46,0,2,14,3bc89353f7e3a3cc
The Immortal Life of Henrietta Lacks,￥346.95,0,2,14,f72f61ad6a5f12ed
The Hidden Oracle (The Trials of Apollo #1),￥445.82,0,2,14,992974ba6a0536ea
No Dream Is Too High: Life Lessons From a Man Who Walked on the Moon,￥187.25,0,2,14,132ec5e8c984adef
The Loney,￥199.62,0,1,14,2d88a31f325dfd3b
Rain Fish,￥201.07,0,3,14,a6454e329f872b78
"Overload: How to Unplug, Unwind, and Unleash Yourself from the Pressure of Stress",￥444.89,0,3,14,8ecf0356a3878811
Old School (Diary of a Wimpy Kid #10),￥100.92,0,5,14,02b74068fa98d8a4
Robin War,￥407.95,0,3,14,85b2176b3b194030
Once Was a Time,￥155.94,0,2,14,e34efcc824685332
"Red Hood/Arsenal, Vol. 1: Open for Business (Red Hood/Arsenal #1)",￥217.37,0,2,14,31e2e2d9cca3778f
"Quarter Life Poetry: Poems for the Young, Broke and Hangry",￥434.14,0,5,14,aa35446aab16017f
Pet Sematary,￥90.09,0,3,14,af58a74e4b2a23a0
salt.,￥399.08,0,4,14,86cbddb61ea78bb7
Steve Jobs,￥336.97,0,5,14,95019eac1c0a052f
Someone Like You (The Harrisons #2),￥450.35,0,5,14,a278db6b2b09cf9f
Still Life with Bread Crumbs,￥225.30,0,3,14,fe44cc816576c652
Sorting the Beef from the Bull: The Science of Food Fraud Forensics,￥381.67,0,4,14,3edcccc4f341fb1a
Shtum,￥476.37,0,4,14,830fb3967c74866d
"So Cute It Hurts!!, Vol. 6 (So Cute It Hurts!! #6)",￥302.25,0,4,14,394f6d30cafc3edb
See America: A Celebration of Our National Parks & Treasured Sites,￥416.91,0,3,14,f9705c362f070608
"Hush, Hush (Hush, Hush #1)",￥401.12,0,3,14,6b6cd77fbc91b7a6
Island of Dragons (Unwanteds #7),￥252.94,0,1,14,2b52334fab158861
I Am Pilgrim (Pilgrim #1),￥90.43,0,4,14,aeff7b87a8e83ebb
Lady Midnight (The Dark Artifices #1),￥138.88,0,5,14,708345c9897fd7c5
I Know What I'm Doing -- and Other Lies I Tell Myself: Dispatches from a Life Under Construction,￥221.63,0,4,14,b8a8ff84233f0570
"It's All Easy: Healthy, Delicious Weeknight Meals in under 30 Minutes",￥166.78,0,1,14,245e6bf08b8d2955
"Living Leadership by Insight: A Good Leader Achieves, a Great Leader Builds Monuments",￥400.18,0,4,14,17fb5a88180f9904
Let It Out: A Journey Through Journaling,￥228.54,0,5,14,1174156c4a0eccaa
"Hyperbole and a Half: Unfortunate Situations, Flawed Coping Mechanisms, Mayhem, and Other Things That Happened",￥125.83,0,5,14,fbb21a2f71f4d981
Looking for Lovely: Collecting the Moments that Matter,￥248.59,0,5,14,24af96df0bafb925
More Than Music (Chasing the Dream #1),￥320.85,0,2,14,47d47155e89c8be7
Made to Stick: Why Some Ideas Survive and Others Die,￥331.43,0,5,14,b96fc7a0ea7d4b45
Mr. Mercedes (Bill Hodges Trilogy #1),￥246.54,0,1,14,caa2e5b3fb1b2d4c
Luckiest Girl Alive,￥425.09,0,3,14,d512871626a5e588
Love Is a Mix Tape (Music #1),￥153.81,0,1,14,adb5f51c2e2ab13f
Luis Paints the World,￥460.24,0,3,14,5b43cae640f2338a
Lowriders to the Center of the Earth (Lowriders in Space #2),￥439.43,0,2,14,a10c7515834240f3
Cometh the Hour (The Clifton Chronicles #6),￥213.36,0,3,14,28cf0d1c51b491e5
"Eat Fat, Get Thin",￥461.27,0,2,14,047dfa57ba0bf638
Daily Fantasy Sports,￥312.06,0,1,14,0e94a089328be4bc
Dear Mr. Knightley,￥95.63,0,5,14,94a958ea126cdcd5
"Eaternity: More than 150 Deliciously Easy Vegan Recipes for a Long, Healthy, Satisfied, Joyful Life",￥441.47,0,5,14,a01f6d368ef64dc5
Demigods & Magicians: Percy and Annabeth Meet the Kanes (Percy Jackson & Kane Chronicles Crossover #1-3),￥319.99,0,5,14,3c6fe637a0180b01
Doctor Sleep (The Shining #2),￥342.26,0,2,14,bf5de316a5e9a4ab
Crazy Love: Overwhelmed by a Relentless God,￥407.09,0,2,14,4b9d9cfe0f435788
Don't Get Caught,￥472.19,0,1,14,ad2887ce04583910
Eight Hundred Grapes,￥122.76,0,4,14,1d6dd0c87d90fe92
El Deafo,￥491.55,0,5,14,27c5968fe43cc06e
God: The Most Unpleasant Character in All Fiction,￥256.18,0,5,14,eec424a84c9e4c68
Glory over Everything: Beyond The Kitchen House,￥391.06,0,3,14,de4b403cb629a29f
"Far & Away: Places on the Brink of Change: Seven Continents, Twenty-Five Years",￥128.48,0,4,14,ac4dde0d1be05de0
Every Last Word,￥396.43,0,3,14,a2bd4ca82d908442
Feathers: Displays of Brilliant Plumage,￥418.44,0,3,14,9194ae88379dbf1a
Eligible (The Austen Project #4),￥231.10,0,3,14,9eaf58b03a2779cc
Angels & Demons (Robert Langdon #1),￥439.17,0,3,14,ad41c24ccac0c7ce
Brain on Fire: My Month of Madness,￥420.74,0,5,14,a80f66b254fe9eb3
Batman: Europa,￥273.07,0,2,14,bf68dcb5fad3cc8c
Angels Walking (Angels Walking #1),￥291.76,0,2,14,1fbb5f786e53a0ce
Barefoot Contessa Back to Basics,￥238.95,0,1,14,999912e63a3262ae
Art Ops Vol. 1,￥416.31,0,3,14,ffdc825785c0ede8
Aristotle and Dante Discover the Secrets of the Universe (Aristotle and Dante Discover the Secrets of the Universe #1),￥495.99,0,4,14,41164b8ac02a2c42
Barefoot Contessa at Home: Everyday Recipes You'll Make Over and Over Again,￥431.83,0,5,14,0e0da9192a025efc
Balloon Animals,￥145.28,0,3,14,9b65f676984c9f0c
Buying In: The Secret Dialogue Between What We Buy and Who We Are,￥322.47,0,4,14,16ef91b9d827859c
Carrie,￥394.38,0,2,14,5f22418922fa728b
Catching Jordan (Hundred Oaks),￥433.63,0,3,14,e2e7b683b4c15b7d
City of Fallen Angels (The Mortal Instruments #4),￥95.80,0,4,14,1e264c677d4ee4ae
Cell,￥173.09,0,4,14,bfbb54bc8cdeed2b
City of Bones (The Mortal Instruments #1),￥369.22,0,1,14,5b987e54ee72525c
"Carry On, Warrior: Thoughts on Life Unarmed",￥271.71,0,3,14,1b0fc9f777cad045
City of Ashes (The Mortal Instruments #2),￥403.26,0,1,14,8a6ec2761f91dad2
The Silent Sister (Riley MacPherson #1),￥394.90,0,5,12,ce1ae197ada2aec4
Tipping Point for Planet Earth: How Close Are We to the Edge?,￥320.34,0,1,12,148715df5a02ea5e
Searching for Meaning in Gailana,￥330.40,0,1,13,2f0213137a80d485
Will You Won't You Want Me?,￥118.24,0,3,12,077b635ff2afc578
13 Hours: The Inside Account of What Really Happened In Benghazi,￥230.85,0,1,13,4be9d1910f8a4e80
My Kitchen Year: 136 Recipes That Saved My Life,￥98.36,0,2,13,8bbd7df8a324f31d
Rook,￥322.98,0,4,13,44d97b6707dae3f0
"The Three Searches, Meaning, and the Story",￥113.72,0,3,13,ac5e0d3938caf686
1491: New Revelations of the Americas Before Columbus,￥185.97,0,3,14,6e8e5626ac4d279e
A Brush of Wings (Angels Walking #3),￥473.55,0,1,14,01a177623cce9596
"A Series of Catastrophes and Miracles: A True Story of Love, Science, and Cancer",￥481.83,0,2,14,c1379d3744f1dd2c
A Distant Mirror: The Calamitous 14th Century,￥124.38,0,3,14,d5e0526e1ab682a3
A People's History of the United States,￥347.98,0,2,14,1ad06aed9349af46
A Man Called Ove,￥338.85,0,1,14,8682c03de6a844ff
A Time of Torment (Charlie Parker #14),￥412.47,0,5,14,4416c474713ec1f5
A Study in Scarlet (Sherlock Holmes #1),￥142.72,0,2,14,63ee5bc46066a8a8
How to Speak Golf: An Illustrated Guide to Links Lingo,￥497.52,0,5,12,b978c9852cde91bd
"Love, Lies and Spies",￥175.31,0,2,12,9546d537fbf99eb6
Most Wanted,￥300.97,0,3,12,c039f5aceb093537
Murder at the 42nd Street Library (Raymond Ambler #1),￥463.74,0,4,12,e7fe3bf2768602cf
No Love Allowed (Dodge Cove #1),￥466.21,0,4,12,db84624b151cbe06
One with You (Crossfire #5),￥134.02,0,4,12,81ef44fcc5f454df
Poisonous (Max Revere Novels #3),￥228.63,0,3,12,abdd91e96515a617
